id;code_response;end_point;login_acteur;request_id;date_request;date_response;request_tr;response_tr
1;revolutionize synergize;extend;SDD Buckinghamshire;Orchestrator;2020-05-14T20:27:28;2020-05-14T14:44:39;../fake-data/blob/hipster.txt;../fake-data/blob/hipster.txt
2;Forest Director solution;turquoise;Producer convergence;Checking Account;2020-05-14T20:41:16;2020-05-15T05:26:37;../fake-data/blob/hipster.txt;../fake-data/blob/hipster.txt
3;capacity circuit Representative;Borders;Money Market Account application;Gloves Boliviano Mvdol deploy;2020-05-14T21:09:11;2020-05-14T14:32:30;../fake-data/blob/hipster.txt;../fake-data/blob/hipster.txt
4;SQL Gloves Orchestrator;Credit Card Account;generate;Peru Accounts;2020-05-14T17:23:40;2020-05-15T05:07:59;../fake-data/blob/hipster.txt;../fake-data/blob/hipster.txt
5;array Wooden;Iowa;Associate;Azerbaijanian Manat;2020-05-15T12:09:48;2020-05-15T05:45:32;../fake-data/blob/hipster.txt;../fake-data/blob/hipster.txt
6;open-source Tasty Metal Mouse;reintermediate Checking Account navigate;withdrawal Arizona vortals;Program Maryland deposit;2020-05-14T21:12:37;2020-05-15T13:25:43;../fake-data/blob/hipster.txt;../fake-data/blob/hipster.txt
7;Pizza 1080p copy;Highway;Angola Generic;haptic Borders;2020-05-14T17:56:08;2020-05-14T18:56:49;../fake-data/blob/hipster.txt;../fake-data/blob/hipster.txt
8;Chips Auto Loan Account CSS;matrix RSS View;Pennsylvania;Chief input;2020-05-15T02:12:54;2020-05-15T09:27:03;../fake-data/blob/hipster.txt;../fake-data/blob/hipster.txt
9;Incredible;User-friendly payment;Incredible Soft Car Stream;knowledge base;2020-05-15T04:34:07;2020-05-15T09:03:53;../fake-data/blob/hipster.txt;../fake-data/blob/hipster.txt
10;Malaysian Ringgit bus;Salad;override Developer;Gorgeous Wooden Chips RAM web services;2020-05-14T18:46:12;2020-05-14T19:57:47;../fake-data/blob/hipster.txt;../fake-data/blob/hipster.txt
